Code,Item,Group,Region_Number,Region_Name,State_Name,Y2000,Y2009,Average_Annual_Percent_Growth
1,Personal Health Care ($),United States,0,United States,,4126.633,6814.999,5.3
1,Personal Health Care ($),Region,1,New England,,4952.571,8783.028,6
1,Personal Health Care ($),State,1,New England,Connecticut,5120.091,8653.569,5.5
1,Personal Health Care ($),State,1,New England,Maine,4656.067,8520.952,7
1,Personal Health Care ($),State,1,New England,Massachusetts,5148.59,9277.898,5.9
1,Personal Health Care ($),State,1,New England,New Hampshire,4260.615,7839.32,6.6
1,Personal Health Care ($),State,1,New England,Rhode Island,4748.875,8309.082,6
1,Personal Health Care ($),State,1,New England,Vermont,4349.424,7634.929,6.7
1,Personal Health Care ($),Region,2,Mideast,,4840.38,7970.37,5.4
1,Personal Health Care ($),State,2,Mideast,Delaware,4822.496,8479.747,6.2
1,Personal Health Care ($),State,2,Mideast,District of Columbia,6466.912,10348.851,4.5
1,Personal Health Care ($),State,2,Mideast,Maryland,4247.006,7491.791,5.7
1,Personal Health Care ($),State,2,Mideast,New Jersey,4752.698,7582.935,5.3
1,Personal Health Care ($),State,2,Mideast,New York,5089.594,8341.369,5.5
1,Personal Health Care ($),State,2,Mideast,Pennsylvania,4697.109,7729.961,5.4
1,Personal Health Care ($),Region,3,Great Lakes,,4153.402,6851.65,5.4
1,Personal Health Care ($),State,3,Great Lakes,Illinois,4183.92,6756.367,5.2
1,Personal Health Care ($),State,3,Great Lakes,Indiana,4012.792,6666.312,5.5
1,Personal Health Care ($),State,3,Great Lakes,Michigan,4030.039,6618.374,5.2
1,Personal Health Care ($),State,3,Great Lakes,Ohio,4231.192,7075.908,5.5
1,Personal Health Care ($),State,3,Great Lakes,Wisconsin,4306.2,7232.853,6
1,Personal Health Care ($),Region,4,Plains,,4265.065,7084.753,5.8
1,Personal Health Care ($),State,4,Plains,Iowa,4221.905,6921.326,5.7
1,Personal Health Care ($),State,4,Plains,Kansas,4187.417,6781.861,5.5
1,Personal Health Care ($),State,4,Plains,Minnesota,4460.515,7409.332,5.9
1,Personal Health Care ($),State,4,Plains,Missouri,4175.138,6967.41,5.8
1,Personal Health Care ($),State,4,Plains,Nebraska,4161.51,7047.571,6.2
1,Personal Health Care ($),State,4,Plains,North Dakota,4437.912,7748.815,6.1
1,Personal Health Care ($),State,4,Plains,South Dakota,4188.132,7055.914,6
1,Personal Health Care ($),Region,5,Southeast,,4055.216,6506.237,5.3
1,Personal Health Care ($),State,5,Southeast,Alabama,3967.686,6271.663,5.1
1,Personal Health Care ($),State,5,Southeast,Arkansas,3769.837,6166.943,5.4
1,Personal Health Care ($),State,5,Southeast,Florida,4493.388,7156.32,5
1,Personal Health Care ($),State,5,Southeast,Georgia,3660.395,5467.469,4.4
1,Personal Health Care ($),State,5,Southeast,Kentucky,4198.473,6595.79,5.8
1,Personal Health Care ($),State,5,Southeast,Louisiana,4041.006,6795.263,5.4
1,Personal Health Care ($),State,5,Southeast,Mississippi,3775.992,6571.042,6.3
1,Personal Health Care ($),State,5,Southeast,North Carolina,3972.639,6444.02,6
1,Personal Health Care ($),State,5,Southeast,South Carolina,3927.855,6323.381,5.8
1,Personal Health Care ($),State,5,Southeast,Tennessee,4133.137,6410.608,5.2
1,Personal Health Care ($),State,5,Southeast,Virginia,3720.013,6286.487,5.6
1,Personal Health Care ($),State,5,Southeast,West Virginia,4480.527,7667.14,6.2
1,Personal Health Care ($),Region,6,Southwest,,3604.327,5936.513,5.2
1,Personal Health Care ($),State,6,Southwest,Arizona,3248.42,5433.887,4.5
1,Personal Health Care ($),State,6,Southwest,New Mexico,3539.448,6650.611,6.2
1,Personal Health Care ($),State,6,Southwest,Oklahoma,3766.018,6531.864,5.8
1,Personal Health Care ($),State,6,Southwest,Texas,3671.092,5923.734,5.2
1,Personal Health Care ($),Region,7,Rocky Mountains,,3553.88,5809.879,5.3
1,Personal Health Care ($),State,7,Rocky Mountains,Colorado,3757.516,5993.799,5
1,Personal Health Care ($),State,7,Rocky Mountains,Idaho,3400.826,5657.999,5.6
1,Personal Health Care ($),State,7,Rocky Mountains,Montana,3877.181,6639.827,5.9
1,Personal Health Care ($),State,7,Rocky Mountains,Utah,3030.194,5030.942,5.3
1,Personal Health Care ($),State,7,Rocky Mountains,Wyoming,3960.225,7040.259,6.6
1,Personal Health Care ($),Region,8,Far West,,3663.865,6361.024,5
1,Personal Health Care ($),State,8,Far West,Alaska,4619.957,9127.634,7.3
1,Personal Health Care ($),State,8,Far West,California,3602.451,6237.59,4.8
1,Personal Health Care ($),State,8,Far West,Hawaii,3920.696,6856.164,5.5
1,Personal Health Care ($),State,8,Far West,Nevada,3478.044,5735.295,4.9
1,Personal Health Care ($),State,8,Far West,Oregon,3755.592,6579.887,6
1,Personal Health Care ($),State,8,Far West,Washington,3873.035,6781.862,5.6
2,Hospital Care ($),United States,0,United States,,1472.643,2475.326,4.7
2,Hospital Care ($),Region,1,New England,,1676.582,3192.968,5.5
2,Hospital Care ($),State,1,New England,Connecticut,1490.528,2660.948,4.6
2,Hospital Care ($),State,1,New England,Maine,1654.414,3267.839,6.8
2,Hospital Care ($),State,1,New England,Massachusetts,1860.761,3505.358,5.3
2,Hospital Care ($),State,1,New England,New Hampshire,1355.801,2980.222,6.4
2,Hospital Care ($),State,1,New England,Rhode Island,1632.712,3060.328,5.5
2,Hospital Care ($),State,1,New England,Vermont,1570.248,3408.021,7.5
2,Hospital Care ($),Region,2,Mideast,,1710.022,2823.173,4.4
2,Hospital Care ($),State,2,Mideast,Delaware,1616.414,3108.925,5.6
2,Hospital Care ($),State,2,Mideast,District of Columbia,3058.702,4947.607,4.1
2,Hospital Care ($),State,2,Mideast,Maryland,1510.092,2766.602,5.1
2,Hospital Care ($),State,2,Mideast,New Jersey,1570.311,2351.144,4
2,Hospital Care ($),State,2,Mideast,New York,1816.903,2948.942,4.4
2,Hospital Care ($),State,2,Mideast,Pennsylvania,1670.268,2858.319,4.4
2,Hospital Care ($),Region,3,Great Lakes,,1562.189,2733.38,5.1
2,Hospital Care ($),State,3,Great Lakes,Illinois,1625.483,2697.394,4.5
2,Hospital Care ($),State,3,Great Lakes,Indiana,1526.923,2602.81,5.3
2,Hospital Care ($),State,3,Great Lakes,Michigan,1556.185,2694.822,5
2,Hospital Care ($),State,3,Great Lakes,Ohio,1539.196,2881.113,5.4
2,Hospital Care ($),State,3,Great Lakes,Wisconsin,1515.414,2730.213,5.8
2,Hospital Care ($),Region,4,Plains,,1573.449,2836.967,5.7
2,Hospital Care ($),State,4,Plains,Iowa,1641.723,2713.129,5.3
2,Hospital Care ($),State,4,Plains,Kansas,1461.338,2530.14,4.9
2,Hospital Care ($),State,4,Plains,Minnesota,1417.031,2594.284,5.9
2,Hospital Care ($),State,4,Plains,Missouri,1655.1,3143.429,5.7
2,Hospital Care ($),State,4,Plains,Nebraska,1692.017,2951.497,6.1
2,Hospital Care ($),State,4,Plains,North Dakota,1795.005,3183.421,6.3
2,Hospital Care ($),State,4,Plains,South Dakota,1667.103,3147.192,6
2,Hospital Care ($),Region,5,Southeast,,1459.486,2281.841,4.3
2,Hospital Care ($),State,5,Southeast,Alabama,1448.011,2110.697,3.7
2,Hospital Care ($),State,5,Southeast,Arkansas,1442.882,2220.742,4.5
2,Hospital Care ($),State,5,Southeast,Florida,1435.689,2207.035,3.9
2,Hospital Care ($),State,5,Southeast,Georgia,1339.224,1921.694,3.3
2,Hospital Care ($),State,5,Southeast,Kentucky,1553.512,2606.78,5.2
2,Hospital Care ($),State,5,Southeast,Louisiana,1578.746,2532.286,4.3
2,Hospital Care ($),State,5,Southeast,Mississippi,1581.362,2740.61,5.8
2,Hospital Care ($),State,5,Southeast,North Carolina,1472.633,2280.188,5
2,Hospital Care ($),State,5,Southeast,South Carolina,1550.496,2552.969,5.1
2,Hospital Care ($),State,5,Southeast,Tennessee,1451.342,2160.252,3.8
2,Hospital Care ($),State,5,Southeast,Virginia,1335.495,2297.929,4.8
2,Hospital Care ($),State,5,Southeast,West Virginia,1825.539,3073.193,5.5
2,Hospital Care ($),Region,6,Southwest,,1292.933,2166.783,4.5
2,Hospital Care ($),State,6,Southwest,Arizona,1088.438,1977.398,4.5
2,Hospital Care ($),State,6,Southwest,New Mexico,1383.903,2468.75,5.1
2,Hospital Care ($),State,6,Southwest,Oklahoma,1385.241,2535.31,5.4
2,Hospital Care ($),State,6,Southwest,Texas,1320.244,2137.846,4.4
2,Hospital Care ($),Region,7,Rocky Mountains,,1247.366,2163.065,5
2,Hospital Care ($),State,7,Rocky Mountains,Colorado,1239.547,2149.772,4.6
2,Hospital Care ($),State,7,Rocky Mountains,Idaho,1244.563,2115.422,5.3
2,Hospital Care ($),State,7,Rocky Mountains,Montana,1588.615,2839.929,6
2,Hospital Care ($),State,7,Rocky Mountains,Utah,1041.735,1829.562,4.9
2,Hospital Care ($),State,7,Rocky Mountains,Wyoming,1633.438,2913.075,6
2,Hospital Care ($),Region,8,Far West,,1235.243,2157.047,4.6
2,Hospital Care ($),State,8,Far West,Alaska,1947.147,3879.037,7.2
2,Hospital Care ($),State,8,Far West,California,1222.768,2077.337,4.3
2,Hospital Care ($),State,8,Far West,Hawaii,1429.76,2480.311,4.9
2,Hospital Care ($),State,8,Far West,Nevada,1079.411,1948.597,4.6
2,Hospital Care ($),State,8,Far West,Oregon,1232.601,2207.818,5.7
2,Hospital Care ($),State,8,Far West,Washington,1246.228,2409.389,5.7
3,Physician & Clinical Services ($),United States,0,United States,,1027.831,1649.689,4.9
3,Physician & Clinical Services ($),Region,1,New England,,1112.195,1921.985,5.8
3,Physician & Clinical Services ($),State,1,New England,Connecticut,1209.776,1951.882,5
3,Physician & Clinical Services ($),State,1,New England,Maine,1001.811,1566.726,6.3
3,Physician & Clinical Services ($),State,1,New England,Massachusetts,1117.294,2077.771,6.1
3,Physician & Clinical Services ($),State,1,New England,New Hampshire,1143.537,1862.884,6.6
3,Physician & Clinical Services ($),State,1,New England,Rhode Island,947.45,1608.13,5.3
3,Physician & Clinical Services ($),State,1,New England,Vermont,964.304,1512.367,6.2
3,Physician & Clinical Services ($),Region,2,Mideast,,1079.338,1776.97,5.2
3,Physician & Clinical Services ($),State,2,Mideast,Delaware,1214.993,1977.771,5.6
3,Physician & Clinical Services ($),State,2,Mideast,District of Columbia,1246.076,1769.847,3.1
3,Physician & Clinical Services ($),State,2,Mideast,Maryland,1144.395,1792.261,4.7
3,Physician & Clinical Services ($),State,2,Mideast,New Jersey,1230.391,2048.908,5.6
3,Physician & Clinical Services ($),State,2,Mideast,New York,1008.719,1696.049,5.4
3,Physician & Clinical Services ($),State,2,Mideast,Pennsylvania,1040.306,1694.078,5.1
3,Physician & Clinical Services ($),Region,3,Great Lakes,,964.775,1528.128,4.9
3,Physician & Clinical Services ($),State,3,Great Lakes,Illinois,1005.721,1570.175,5
3,Physician & Clinical Services ($),State,3,Great Lakes,Indiana,925.961,1515.627,5.3
3,Physician & Clinical Services ($),State,3,Great Lakes,Michigan,894.064,1366.2,4.2
3,Physician & Clinical Services ($),State,3,Great Lakes,Ohio,945.619,1455.871,4.4
3,Physician & Clinical Services ($),State,3,Great Lakes,Wisconsin,1085.5,1879.123,6.2
3,Physician & Clinical Services ($),Region,4,Plains,,1000.835,1482.417,5.2
3,Physician & Clinical Services ($),State,4,Plains,Iowa,906.421,1381.237,5.3
3,Physician & Clinical Services ($),State,4,Plains,Kansas,1091.356,1767.462,5.5
3,Physician & Clinical Services ($),State,4,Plains,Minnesota,1173.615,1653.797,5.5
3,Physician & Clinical Services ($),State,4,Plains,Missouri,910.182,1276.504,4.7
3,Physician & Clinical Services ($),State,4,Plains,Nebraska,845.925,1461.551,5.9
3,Physician & Clinical Services ($),State,4,Plains,North Dakota,861.503,1305.814,3.8
3,Physician & Clinical Services ($),State,4,Plains,South Dakota,1057.963,1461.07,5.7
3,Physician & Clinical Services ($),Region,5,Southeast,,1032.074,1605.192,4.8
3,Physician & Clinical Services ($),State,5,Southeast,Alabama,1027.161,1565.184,4.5
3,Physician & Clinical Services ($),State,5,Southeast,Arkansas,885.339,1472.002,4.8
3,Physician & Clinical Services ($),State,5,Southeast,Florida,1213.511,1949.54,4.3
3,Physician & Clinical Services ($),State,5,Southeast,Georgia,970.032,1478.312,4.3
3,Physician & Clinical Services ($),State,5,Southeast,Kentucky,1063.2,1467.259,5.3
3,Physician & Clinical Services ($),State,5,Southeast,Louisiana,1013.627,1558.723,5
3,Physician & Clinical Services ($),State,5,Southeast,Mississippi,861.421,1390.628,5.6
3,Physician & Clinical Services ($),State,5,Southeast,North Carolina,918.89,1401.22,5.3
3,Physician & Clinical Services ($),State,5,Southeast,South Carolina,887.621,1398.936,5.6
3,Physician & Clinical Services ($),State,5,Southeast,Tennessee,1122.87,1669.401,5.5
3,Physician & Clinical Services ($),State,5,Southeast,Virginia,959.363,1523.59,4.9
3,Physician & Clinical Services ($),State,5,Southeast,West Virginia,1005.131,1586.592,5.6
3,Physician & Clinical Services ($),Region,6,Southwest,,954.277,1514.782,4.9
3,Physician & Clinical Services ($),State,6,Southwest,Arizona,894.112,1445.048,3.6
3,Physician & Clinical Services ($),State,6,Southwest,New Mexico,810.576,1440.438,5.7
3,Physician & Clinical Services ($),State,6,Southwest,Oklahoma,939.566,1483.757,5.3
3,Physician & Clinical Services ($),State,6,Southwest,Texas,984.036,1543.969,5.1
3,Physician & Clinical Services ($),Region,7,Rocky Mountains,,912.817,1451.826,5.1
3,Physician & Clinical Services ($),State,7,Rocky Mountains,Colorado,1057.887,1628.143,5
3,Physician & Clinical Services ($),State,7,Rocky Mountains,Idaho,813.792,1287.079,4.8
3,Physician & Clinical Services ($),State,7,Rocky Mountains,Montana,824.227,1462.576,5.7
3,Physician & Clinical Services ($),State,7,Rocky Mountains,Utah,715.113,1188.549,5
3,Physician & Clinical Services ($),State,7,Rocky Mountains,Wyoming,962.413,1620.572,6.6
3,Physician & Clinical Services ($),Region,8,Far West,,1088.971,1834.444,4.3
3,Physician & Clinical Services ($),State,8,Far West,Alaska,1208.444,2570.335,7.4
3,Physician & Clinical Services ($),State,8,Far West,California,1102.81,1836.031,4
3,Physician & Clinical Services ($),State,8,Far West,Hawaii,1161.107,1872.99,5.2
3,Physician & Clinical Services ($),State,8,Far West,Nevada,1062.043,1693.957,4.3
3,Physician & Clinical Services ($),State,8,Far West,Oregon,983.664,1756.609,5.9
3,Physician & Clinical Services ($),State,8,Far West,Washington,1052.215,1841.768,5.5
4,Other Professional Services ($),United States,0,United States,,131.181,217.771,6.2
4,Other Professional Services ($),Region,1,New England,,161.999,271.854,7
4,Other Professional Services ($),State,1,New England,Connecticut,188.506,305.098,7.6
4,Other Professional Services ($),State,1,New England,Maine,154.127,283.163,7.6
4,Other Professional Services ($),State,1,New England,Massachusetts,161.102,256.926,6.5
4,Other Professional Services ($),State,1,New England,New Hampshire,142.42,247.914,6.2
4,Other Professional Services ($),State,1,New England,Rhode Island,116.207,262.086,7.3
4,Other Professional Services ($),State,1,New England,Vermont,158.264,285.788,8.4
4,Other Professional Services ($),Region,2,Mideast,,161.496,258.457,6.3
4,Other Professional Services ($),State,2,Mideast,Delaware,159.444,267.495,6.8
4,Other Professional Services ($),State,2,Mideast,District of Columbia,136.541,177.063,4.8
4,Other Professional Services ($),State,2,Mideast,Maryland,138.065,257.838,6.9
4,Other Professional Services ($),State,2,Mideast,New Jersey,171.301,280.281,5.5
4,Other Professional Services ($),State,2,Mideast,New York,165.228,261.72,6.5
4,Other Professional Services ($),State,2,Mideast,Pennsylvania,160.416,241.865,6.3
4,Other Professional Services ($),Region,3,Great Lakes,,123.213,212.619,6.7
4,Other Professional Services ($),State,3,Great Lakes,Illinois,126.123,248.003,7.7
4,Other Professional Services ($),State,3,Great Lakes,Indiana,103.072,174.825,6.2
4,Other Professional Services ($),State,3,Great Lakes,Michigan,129.655,222.542,6.8
4,Other Professional Services ($),State,3,Great Lakes,Ohio,122.166,191.799,5.8
4,Other Professional Services ($),State,3,Great Lakes,Wisconsin,129.59,199.813,6.6
4,Other Professional Services ($),Region,4,Plains,,126.547,215.278,7
4,Other Professional Services ($),State,4,Plains,Iowa,120.05,214.224,6
4,Other Professional Services ($),State,4,Plains,Kansas,123.975,223.577,6.5
4,Other Professional Services ($),State,4,Plains,Minnesota,144.367,228.443,6.8
4,Other Professional Services ($),State,4,Plains,Missouri,119.729,202.129,7.9
4,Other Professional Services ($),State,4,Plains,Nebraska,122.83,230.251,8
4,Other Professional Services ($),State,4,Plains,North Dakota,113.354,173.913,6
4,Other Professional Services ($),State,4,Plains,South Dakota,114.75,201.711,6.6
4,Other Professional Services ($),Region,5,Southeast,,110.871,197.858,6.9
4,Other Professional Services ($),State,5,Southeast,Alabama,93.95,148.328,6.9
4,Other Professional Services ($),State,5,Southeast,Arkansas,113.847,185.019,6.9
4,Other Professional Services ($),State,5,Southeast,Florida,149.685,264.87,6.5
4,Other Professional Services ($),State,5,Southeast,Georgia,100.366,155.107,5.1
4,Other Professional Services ($),State,5,Southeast,Kentucky,115.511,189.846,7.8
4,Other Professional Services ($),State,5,Southeast,Louisiana,96.436,189.234,7.9
4,Other Professional Services ($),State,5,Southeast,Mississippi,62.448,145.789,7.7
4,Other Professional Services ($),State,5,Southeast,North Carolina,99.308,201.805,7.7
4,Other Professional Services ($),State,5,Southeast,South Carolina,78.266,159.841,7.2
4,Other Professional Services ($),State,5,Southeast,Tennessee,107.646,181.76,6.6
4,Other Professional Services ($),State,5,Southeast,Virginia,106.42,191.577,6.9
4,Other Professional Services ($),State,5,Southeast,West Virginia,104.945,177.606,7.4
4,Other Professional Services ($),Region,6,Southwest,,114.92,173.798,5.6
4,Other Professional Services ($),State,6,Southwest,Arizona,110.834,197.428,5.7
4,Other Professional Services ($),State,6,Southwest,New Mexico,116.575,204.226,5.9
4,Other Professional Services ($),State,6,Southwest,Oklahoma,118.581,185.201,6.2
4,Other Professional Services ($),State,6,Southwest,Texas,115.18,163.351,5.4
4,Other Professional Services ($),Region,7,Rocky Mountains,,147.523,220.768,6.2
4,Other Professional Services ($),State,7,Rocky Mountains,Colorado,168.776,236.527,5.6
4,Other Professional Services ($),State,7,Rocky Mountains,Idaho,144.301,243.96,7.4
4,Other Professional Services ($),State,7,Rocky Mountains,Montana,144.992,227.933,6.6
4,Other Professional Services ($),State,7,Rocky Mountains,Utah,108.341,162.257,6.4
4,Other Professional Services ($),State,7,Rocky Mountains,Wyoming,152.417,295.862,8.4
4,Other Professional Services ($),Region,8,Far West,,139.318,231.202,4.9
4,Other Professional Services ($),State,8,Far West,Alaska,170.534,337.097,7.8
4,Other Professional Services ($),State,8,Far West,California,137.097,216.207,4.3
4,Other Professional Services ($),State,8,Far West,Hawaii,119.241,242.085,6.2
4,Other Professional Services ($),State,8,Far West,Nevada,115.984,204.747,4.8
4,Other Professional Services ($),State,8,Far West,Oregon,136.857,257.194,6.4
4,Other Professional Services ($),State,8,Far West,Washington,162.283,296.55,7.1
5,Dental Services ($),United States,0,United States,,219.771,333.344,5.3
5,Dental Services ($),Region,1,New England,,266.452,426.393,5.6
5,Dental Services ($),State,1,New England,Connecticut,292.504,448.207,4.8
5,Dental Services ($),State,1,New England,Maine,225.036,327.557,5.9
5,Dental Services ($),State,1,New England,Massachusetts,270.587,446.092,6
5,Dental Services ($),State,1,New England,New Hampshire,250.11,458.654,6.6
5,Dental Services ($),State,1,New England,Rhode Island,237.471,325.167,4.4
5,Dental Services ($),State,1,New England,Vermont,247.462,406.926,6.5
5,Dental Services ($),Region,2,Mideast,,218.238,336.68,4.9
5,Dental Services ($),State,2,Mideast,Delaware,276.036,404.828,6.4
5,Dental Services ($),State,2,Mideast,District of Columbia,266.336,405.387,5.5
5,Dental Services ($),State,2,Mideast,Maryland,208.675,339.374,4.9
5,Dental Services ($),State,2,Mideast,New Jersey,260.124,403.38,5
5,Dental Services ($),State,2,Mideast,New York,213.074,337.955,4.9
5,Dental Services ($),State,2,Mideast,Pennsylvania,195.671,279.423,4.5
5,Dental Services ($),Region,3,Great Lakes,,221.865,322.882,5.3
5,Dental Services ($),State,3,Great Lakes,Illinois,212.088,324.364,5.4
5,Dental Services ($),State,3,Great Lakes,Indiana,199.721,290.202,6
5,Dental Services ($),State,3,Great Lakes,Michigan,247.832,348.447,4.8
5,Dental Services ($),State,3,Great Lakes,Ohio,198.255,291.376,5.3
5,Dental Services ($),State,3,Great Lakes,Wisconsin,271.412,375.871,5.6
5,Dental Services ($),Region,4,Plains,,205.43,318.933,5.8
5,Dental Services ($),State,4,Plains,Iowa,190.614,309.816,5.6
5,Dental Services ($),State,4,Plains,Kansas,212.869,330.619,5.8
5,Dental Services ($),State,4,Plains,Minnesota,249.499,388.118,6.1
5,Dental Services ($),State,4,Plains,Missouri,177.124,258.736,5.3
5,Dental Services ($),State,4,Plains,Nebraska,192.568,286.848,5.5
5,Dental Services ($),State,4,Plains,North Dakota,201.39,362.982,7.5
5,Dental Services ($),State,4,Plains,South Dakota,191.19,343.171,7.1
5,Dental Services ($),Region,5,Southeast,,189.122,288.163,5.6
5,Dental Services ($),State,5,Southeast,Alabama,169.744,256.685,5.5
5,Dental Services ($),State,5,Southeast,Arkansas,171.676,272.798,6.2
5,Dental Services ($),State,5,Southeast,Florida,203.029,285.6,4.4
5,Dental Services ($),State,5,Southeast,Georgia,203.337,289.467,5.3
5,Dental Services ($),State,5,Southeast,Kentucky,154.231,248.548,5.9
5,Dental Services ($),State,5,Southeast,Louisiana,162.216,250.938,5.9
5,Dental Services ($),State,5,Southeast,Mississippi,137.961,223.46,6.4
5,Dental Services ($),State,5,Southeast,North Carolina,195.675,324.894,6.6
5,Dental Services ($),State,5,Southeast,South Carolina,192.225,287.821,6
5,Dental Services ($),State,5,Southeast,Tennessee,181.234,271.25,5.6
5,Dental Services ($),State,5,Southeast,Virginia,223.628,356.255,6
5,Dental Services ($),State,5,Southeast,West Virginia,152.839,279.894,7.2
5,Dental Services ($),Region,6,Southwest,,191.069,292.206,6
5,Dental Services ($),State,6,Southwest,Arizona,194.912,299.966,5.1
5,Dental Services ($),State,6,Southwest,New Mexico,173.42,304.619,6.7
5,Dental Services ($),State,6,Southwest,Oklahoma,180.865,316.405,6.5
5,Dental Services ($),State,6,Southwest,Texas,193.338,285.536,6
5,Dental Services ($),Region,7,Rocky Mountains,,247.122,360.718,5.5
5,Dental Services ($),State,7,Rocky Mountains,Colorado,261.667,366.005,5
5,Dental Services ($),State,7,Rocky Mountains,Idaho,260.755,392.171,6
5,Dental Services ($),State,7,Rocky Mountains,Montana,211.091,327.062,5.9
5,Dental Services ($),State,7,Rocky Mountains,Utah,235.355,341.809,5.6
5,Dental Services ($),State,7,Rocky Mountains,Wyoming,203.167,379.596,6.7
5,Dental Services ($),Region,8,Far West,,270.17,410.405,4.9
5,Dental Services ($),State,8,Far West,Alaska,302.9,488.105,5.7
5,Dental Services ($),State,8,Far West,California,259.563,398.841,4.8
5,Dental Services ($),State,8,Far West,Hawaii,245.458,371.081,4.5
5,Dental Services ($),State,8,Far West,Nevada,229.22,331.346,5.3
5,Dental Services ($),State,8,Far West,Oregon,296.23,407.065,4.8
5,Dental Services ($),State,8,Far West,Washington,331.612,507.029,5.5
6,Home Health Care ($),United States,0,United States,,114.915,222.606,7.6
6,Home Health Care ($),Region,1,New England,,173.539,303.111,7.4
6,Home Health Care ($),State,1,New England,Connecticut,192.946,252.766,5.9
6,Home Health Care ($),State,1,New England,Maine,137.788,190.092,6.7
6,Home Health Care ($),State,1,New England,Massachusetts,194.823,394.551,8
6,Home Health Care ($),State,1,New England,New Hampshire,130.115,187.076,7.8
6,Home Health Care ($),State,1,New England,Rhode Island,104.265,217.12,7.1
6,Home Health Care ($),State,1,New England,Vermont,125.445,250.382,7.9
6,Home Health Care ($),Region,2,Mideast,,171.016,270.396,5.6
6,Home Health Care ($),State,2,Mideast,Delaware,104.928,206.869,8.3
6,Home Health Care ($),State,2,Mideast,District of Columbia,111.123,661.68,14.8
6,Home Health Care ($),State,2,Mideast,Maryland,91.812,147.216,6
6,Home Health Care ($),State,2,Mideast,New Jersey,141.735,200.699,6.3
6,Home Health Care ($),State,2,Mideast,New York,255.369,394.013,4.9
6,Home Health Care ($),State,2,Mideast,Pennsylvania,101.921,168.406,6.8
6,Home Health Care ($),Region,3,Great Lakes,,96.246,198.384,8.5
6,Home Health Care ($),State,3,Great Lakes,Illinois,86.487,173.77,7.3
6,Home Health Care ($),State,3,Great Lakes,Indiana,68.436,126.414,7.6
6,Home Health Care ($),State,3,Great Lakes,Michigan,108.851,256.436,9.5
6,Home Health Care ($),State,3,Great Lakes,Ohio,120.626,222.518,9.4
6,Home Health Care ($),State,3,Great Lakes,Wisconsin,75.454,184.752,7.9
6,Home Health Care ($),Region,4,Plains,,93.994,179.566,8.8
6,Home Health Care ($),State,4,Plains,Iowa,117.242,134.516,7.7
6,Home Health Care ($),State,4,Plains,Kansas,78.73,117.064,7
6,Home Health Care ($),State,4,Plains,Minnesota,101.639,320.474,11.2
6,Home Health Care ($),State,4,Plains,Missouri,112.535,166.976,7.4
6,Home Health Care ($),State,4,Plains,Nebraska,49.783,84.061,6.2
6,Home Health Care ($),State,4,Plains,North Dakota,31.839,50.745,5.5
6,Home Health Care ($),State,4,Plains,South Dakota,23.841,56.215,10.8
6,Home Health Care ($),Region,5,Southeast,,113.427,206.367,6.8
6,Home Health Care ($),State,5,Southeast,Alabama,99.295,199.311,6.7
6,Home Health Care ($),State,5,Southeast,Arkansas,109.29,122.613,6.3
6,Home Health Care ($),State,5,Southeast,Florida,154.856,306.584,7.2
6,Home Health Care ($),State,5,Southeast,Georgia,87.11,125.038,3.8
6,Home Health Care ($),State,5,Southeast,Kentucky,127.087,161.848,6.3
6,Home Health Care ($),State,5,Southeast,Louisiana,101.238,285.546,10.7
6,Home Health Care ($),State,5,Southeast,Mississippi,98.693,199.358,6.9
6,Home Health Care ($),State,5,Southeast,North Carolina,124.311,208.843,7.8
6,Home Health Care ($),State,5,Southeast,South Carolina,106.207,155.648,7.4
6,Home Health Care ($),State,5,Southeast,Tennessee,100.714,196.066,3.8
6,Home Health Care ($),State,5,Southeast,Virginia,70.542,130.659,7.1
6,Home Health Care ($),State,5,Southeast,West Virginia,105.275,175.193,7.4
6,Home Health Care ($),Region,6,Southwest,,107.37,254.687,9.6
6,Home Health Care ($),State,6,Southwest,Arizona,75.064,131.484,6.9
6,Home Health Care ($),State,6,Southwest,New Mexico,111.481,610.756,18.5
6,Home Health Care ($),State,6,Southwest,Oklahoma,96.707,236.976,10.3
6,Home Health Care ($),State,6,Southwest,Texas,116.739,261.233,9.1
6,Home Health Care ($),Region,7,Rocky Mountains,,72.574,132.24,8
6,Home Health Care ($),State,7,Rocky Mountains,Colorado,78.703,133.532,7.3
6,Home Health Care ($),State,7,Rocky Mountains,Idaho,64.606,117.424,8.4
6,Home Health Care ($),State,7,Rocky Mountains,Montana,77.829,112.25,5.4
6,Home Health Care ($),State,7,Rocky Mountains,Utah,69.336,155.719,10.3
6,Home Health Care ($),State,7,Rocky Mountains,Wyoming,44.931,78.204,7.3
6,Home Health Care ($),Region,8,Far West,,84.408,214.859,10.2
6,Home Health Care ($),State,8,Far West,Alaska,18.698,83.994,15
6,Home Health Care ($),State,8,Far West,California,92.114,247.045,11
6,Home Health Care ($),State,8,Far West,Hawaii,69.375,122.849,12.6
6,Home Health Care ($),State,8,Far West,Nevada,79.298,175.635,8.2
6,Home Health Care ($),State,8,Far West,Oregon,54.089,130.223,8.1
6,Home Health Care ($),State,8,Far West,Washington,69.491,132.309,6.1
7,Prescription Drugs and Other Non-durable Medical Products ($),United States,0,United States,,540.338,955.999,7.3
7,Prescription Drugs and Other Non-durable Medical Products ($),Region,1,New England,,586.919,1102.906,8.2
7,Prescription Drugs and Other Non-durable Medical Products ($),State,1,New England,Connecticut,620.598,1269.179,8.6
7,Prescription Drugs and Other Non-durable Medical Products ($),State,1,New England,Maine,510.94,1125.903,9.2
7,Prescription Drugs and Other Non-durable Medical Products ($),State,1,New England,Massachusetts,586.187,1032.707,7.9
7,Prescription Drugs and Other Non-durable Medical Products ($),State,1,New England,New Hampshire,547.07,1005.913,7.4
7,Prescription Drugs and Other Non-durable Medical Products ($),State,1,New England,Rhode Island,673.866,1229.638,9.1
7,Prescription Drugs and Other Non-durable Medical Products ($),State,1,New England,Vermont,496.486,849.169,7.3
7,Prescription Drugs and Other Non-durable Medical Products ($),Region,2,Mideast,,622.039,1121.957,7.9
7,Prescription Drugs and Other Non-durable Medical Products ($),State,2,Mideast,Delaware,663.59,1218.625,7.9
7,Prescription Drugs and Other Non-durable Medical Products ($),State,2,Mideast,District of Columbia,451.634,904.812,7.3
7,Prescription Drugs and Other Non-durable Medical Products ($),State,2,Mideast,Maryland,571.554,1111.298,8
7,Prescription Drugs and Other Non-durable Medical Products ($),State,2,Mideast,New Jersey,691.329,1170.813,7.9
7,Prescription Drugs and Other Non-durable Medical Products ($),State,2,Mideast,New York,600.301,1111.603,8.2
7,Prescription Drugs and Other Non-durable Medical Products ($),State,2,Mideast,Pennsylvania,635.198,1112.66,7.5
7,Prescription Drugs and Other Non-durable Medical Products ($),Region,3,Great Lakes,,545.85,891.983,7.1
7,Prescription Drugs and Other Non-durable Medical Products ($),State,3,Great Lakes,Illinois,525.576,858.991,7.1
7,Prescription Drugs and Other Non-durable Medical Products ($),State,3,Great Lakes,Indiana,554.57,918.239,6.9
7,Prescription Drugs and Other Non-durable Medical Products ($),State,3,Great Lakes,Michigan,548.937,909.599,6.9
7,Prescription Drugs and Other Non-durable Medical Products ($),State,3,Great Lakes,Ohio,563.052,894.218,7.1
7,Prescription Drugs and Other Non-durable Medical Products ($),State,3,Great Lakes,Wisconsin,540.796,901.85,7.7
7,Prescription Drugs and Other Non-durable Medical Products ($),Region,4,Plains,,522.101,943.96,7.7
7,Prescription Drugs and Other Non-durable Medical Products ($),State,4,Plains,Iowa,477.459,971.34,7.7
7,Prescription Drugs and Other Non-durable Medical Products ($),State,4,Plains,Kansas,510.175,822.02,6.5
7,Prescription Drugs and Other Non-durable Medical Products ($),State,4,Plains,Minnesota,519.044,906.241,7.9
7,Prescription Drugs and Other Non-durable Medical Products ($),State,4,Plains,Missouri,559.791,1013.876,7.9
7,Prescription Drugs and Other Non-durable Medical Products ($),State,4,Plains,Nebraska,538.575,960.104,7.5
7,Prescription Drugs and Other Non-durable Medical Products ($),State,4,Plains,North Dakota,559.862,1184.545,9.5
7,Prescription Drugs and Other Non-durable Medical Products ($),State,4,Plains,South Dakota,408.561,767.675,7.1
7,Prescription Drugs and Other Non-durable Medical Products ($),Region,5,Southeast,,595.732,1043.575,7.6
7,Prescription Drugs and Other Non-durable Medical Products ($),State,5,Southeast,Alabama,615.663,1178.916,8
7,Prescription Drugs and Other Non-durable Medical Products ($),State,5,Southeast,Arkansas,478.751,959.494,7.5
7,Prescription Drugs and Other Non-durable Medical Products ($),State,5,Southeast,Florida,708.803,1212.56,8.4
7,Prescription Drugs and Other Non-durable Medical Products ($),State,5,Southeast,Georgia,512.143,868.903,6.5
7,Prescription Drugs and Other Non-durable Medical Products ($),State,5,Southeast,Kentucky,627.359,972.277,7.2
7,Prescription Drugs and Other Non-durable Medical Products ($),State,5,Southeast,Louisiana,558.184,1091.978,7.8
7,Prescription Drugs and Other Non-durable Medical Products ($),State,5,Southeast,Mississippi,519.865,946.999,7.4
7,Prescription Drugs and Other Non-durable Medical Products ($),State,5,Southeast,North Carolina,584.512,1022.404,7.8
7,Prescription Drugs and Other Non-durable Medical Products ($),State,5,Southeast,South Carolina,567.134,947.664,7.7
7,Prescription Drugs and Other Non-durable Medical Products ($),State,5,Southeast,Tennessee,614.895,1041.757,7.2
7,Prescription Drugs and Other Non-durable Medical Products ($),State,5,Southeast,Virginia,523.646,913.107,7.1
7,Prescription Drugs and Other Non-durable Medical Products ($),State,5,Southeast,West Virginia,575.081,1174.859,7.6
7,Prescription Drugs and Other Non-durable Medical Products ($),Region,6,Southwest,,484.706,870.998,6.8
7,Prescription Drugs and Other Non-durable Medical Products ($),State,6,Southwest,Arizona,490.024,803.921,6.3
7,Prescription Drugs and Other Non-durable Medical Products ($),State,6,Southwest,New Mexico,450.279,790.504,6.7
7,Prescription Drugs and Other Non-durable Medical Products ($),State,6,Southwest,Oklahoma,499.643,939.075,7.1
7,Prescription Drugs and Other Non-durable Medical Products ($),State,6,Southwest,Texas,483.925,885.231,6.9
7,Prescription Drugs and Other Non-durable Medical Products ($),Region,7,Rocky Mountains,,431.881,722.557,6.2
7,Prescription Drugs and Other Non-durable Medical Products ($),State,7,Rocky Mountains,Colorado,430.875,690.35,5.9
7,Prescription Drugs and Other Non-durable Medical Products ($),State,7,Rocky Mountains,Idaho,390.649,739.392,6.7
7,Prescription Drugs and Other Non-durable Medical Products ($),State,7,Rocky Mountains,Montana,436.767,732.637,5.8
7,Prescription Drugs and Other Non-durable Medical Products ($),State,7,Rocky Mountains,Utah,457.743,741.291,6.4
7,Prescription Drugs and Other Non-durable Medical Products ($),State,7,Rocky Mountains,Wyoming,422.736,857.761,7.4
7,Prescription Drugs and Other Non-durable Medical Products ($),Region,8,Far West,,425.173,802.684,6.6
7,Prescription Drugs and Other Non-durable Medical Products ($),State,8,Far West,Alaska,455.702,823.986,6.7
7,Prescription Drugs and Other Non-durable Medical Products ($),State,8,Far West,California,401.275,785.716,6.6
7,Prescription Drugs and Other Non-durable Medical Products ($),State,8,Far West,Hawaii,468.302,1000.927,6.6
7,Prescription Drugs and Other Non-durable Medical Products ($),State,8,Far West,Nevada,581.759,893.237,6.5
7,Prescription Drugs and Other Non-durable Medical Products ($),State,8,Far West,Oregon,457.544,825.141,6.9
7,Prescription Drugs and Other Non-durable Medical Products ($),State,8,Far West,Washington,478.266,807.321,6.2
8,Durable Medical Products ($),United States,0,United States,,88.981,113.735,4.5
8,Durable Medical Products ($),Region,1,New England,,84.237,111.978,4.8
8,Durable Medical Products ($),State,1,New England,Connecticut,91.467,103.313,4.3
8,Durable Medical Products ($),State,1,New England,Maine,65.548,105.3,5.4
8,Durable Medical Products ($),State,1,New England,Massachusetts,86.798,118.965,4.9
8,Durable Medical Products ($),State,1,New England,New Hampshire,96.625,133.374,5.4
8,Durable Medical Products ($),State,1,New England,Rhode Island,61.739,93.819,5.2
8,Durable Medical Products ($),State,1,New England,Vermont,69.757,86.388,4.3
8,Durable Medical Products ($),Region,2,Mideast,,87.941,104.236,4.5
8,Durable Medical Products ($),State,2,Mideast,Delaware,144.95,165.635,4.8
8,Durable Medical Products ($),State,2,Mideast,District of Columbia,97.712,101.489,3.4
8,Durable Medical Products ($),State,2,Mideast,Maryland,81.639,98.688,4.3
8,Durable Medical Products ($),State,2,Mideast,New Jersey,114.943,115.668,4
8,Durable Medical Products ($),State,2,Mideast,New York,73.998,101.406,5.2
8,Durable Medical Products ($),State,2,Mideast,Pennsylvania,89.59,99.06,3.9
8,Durable Medical Products ($),Region,3,Great Lakes,,90.31,120.421,4.7
8,Durable Medical Products ($),State,3,Great Lakes,Illinois,71.661,92.671,4.7
8,Durable Medical Products ($),State,3,Great Lakes,Indiana,101.916,121.358,4
8,Durable Medical Products ($),State,3,Great Lakes,Michigan,126.699,188.688,5.6
8,Durable Medical Products ($),State,3,Great Lakes,Ohio,81.41,104.49,4.5
8,Durable Medical Products ($),State,3,Great Lakes,Wisconsin,71.722,94.915,3.8
8,Durable Medical Products ($),Region,4,Plains,,88.244,96.669,3.6
8,Durable Medical Products ($),State,4,Plains,Iowa,93.528,103.363,3.1
8,Durable Medical Products ($),State,4,Plains,Kansas,79.979,94.149,4.4
8,Durable Medical Products ($),State,4,Plains,Minnesota,102.062,97.321,2.7
8,Durable Medical Products ($),State,4,Plains,Missouri,69.468,80.597,4.4
8,Durable Medical Products ($),State,4,Plains,Nebraska,112.292,138.663,3.8
8,Durable Medical Products ($),State,4,Plains,North Dakota,100.905,104.335,4.2
8,Durable Medical Products ($),State,4,Plains,South Dakota,81.036,95.87,3.9
8,Durable Medical Products ($),Region,5,Southeast,,101.516,138.048,4.8
8,Durable Medical Products ($),State,5,Southeast,Alabama,88.692,107.77,4.4
8,Durable Medical Products ($),State,5,Southeast,Arkansas,64.799,73.196,4.1
8,Durable Medical Products ($),State,5,Southeast,Florida,153.283,230.515,4.8
8,Durable Medical Products ($),State,5,Southeast,Georgia,90.176,113.514,4
8,Durable Medical Products ($),State,5,Southeast,Kentucky,83.731,112.365,4.5
8,Durable Medical Products ($),State,5,Southeast,Louisiana,70.051,73.128,3
8,Durable Medical Products ($),State,5,Southeast,Mississippi,91.199,120.503,6
8,Durable Medical Products ($),State,5,Southeast,North Carolina,91.411,117.798,4.5
8,Durable Medical Products ($),State,5,Southeast,South Carolina,90.837,127.407,5.3
8,Durable Medical Products ($),State,5,Southeast,Tennessee,79.565,102.577,4.9
8,Durable Medical Products ($),State,5,Southeast,Virginia,87.897,110.783,5
8,Durable Medical Products ($),State,5,Southeast,West Virginia,105.207,131.684,4.3
8,Durable Medical Products ($),Region,6,Southwest,,90.366,106.378,3.6
8,Durable Medical Products ($),State,6,Southwest,Arizona,102.082,143.027,3.6
8,Durable Medical Products ($),State,6,Southwest,New Mexico,130.301,160.926,4.9
8,Durable Medical Products ($),State,6,Southwest,Oklahoma,84.996,82.785,3.1
8,Durable Medical Products ($),State,6,Southwest,Texas,84.89,95.722,3.4
8,Durable Medical Products ($),Region,7,Rocky Mountains,,109.02,132.735,3.7
8,Durable Medical Products ($),State,7,Rocky Mountains,Colorado,116.099,133.6,3.2
8,Durable Medical Products ($),State,7,Rocky Mountains,Idaho,95.194,129.676,4.1
8,Durable Medical Products ($),State,7,Rocky Mountains,Montana,107.279,123.217,4.6
8,Durable Medical Products ($),State,7,Rocky Mountains,Utah,106.259,142.216,3.9
8,Durable Medical Products ($),State,7,Rocky Mountains,Wyoming,99.097,102.049,4.1
8,Durable Medical Products ($),Region,8,Far West,,67.119,88.701,4.6
8,Durable Medical Products ($),State,8,Far West,Alaska,83.404,106.861,4.3
8,Durable Medical Products ($),State,8,Far West,California,58.438,76.77,4.4
8,Durable Medical Products ($),State,8,Far West,Hawaii,110.83,136.472,5.6
8,Durable Medical Products ($),State,8,Far West,Nevada,99.622,142.244,5.8
8,Durable Medical Products ($),State,8,Far West,Oregon,75.59,98.363,4.9
8,Durable Medical Products ($),State,8,Far West,Washington,90.33,116.837,4.1
9,Nursing Home Care ($),United States,0,United States,,301.666,446.659,4.7
9,Nursing Home Care ($),Region,1,New England,,505.824,746.997,4.3
9,Nursing Home Care ($),State,1,New England,Connecticut,643.596,897.592,4.3
9,Nursing Home Care ($),State,1,New England,Maine,373.349,570.31,3.8
9,Nursing Home Care ($),State,1,New England,Massachusetts,511.653,776.821,4.1
9,Nursing Home Care ($),State,1,New England,New Hampshire,350.414,547.865,5.7
9,Nursing Home Care ($),State,1,New England,Rhode Island,476.869,687.41,4.6
9,Nursing Home Care ($),State,1,New England,Vermont,317.63,478.065,4.4
9,Nursing Home Care ($),Region,2,Mideast,,424.897,630.138,5.2
9,Nursing Home Care ($),State,2,Mideast,Delaware,340.999,656.876,6.8
9,Nursing Home Care ($),State,2,Mideast,District of Columbia,497.68,707.737,4.3
9,Nursing Home Care ($),State,2,Mideast,Maryland,318.36,604.338,6.8
9,Nursing Home Care ($),State,2,Mideast,New Jersey,360.463,590.498,5.7
9,Nursing Home Care ($),State,2,Mideast,New York,463.439,606.815,4.3
9,Nursing Home Care ($),State,2,Mideast,Pennsylvania,457.556,699.692,5.9
9,Nursing Home Care ($),Region,3,Great Lakes,,340.833,502.379,4.5
9,Nursing Home Care ($),State,3,Great Lakes,Illinois,306.857,443.337,4.2
9,Nursing Home Care ($),State,3,Great Lakes,Indiana,351.04,562.03,4.3
9,Nursing Home Care ($),State,3,Great Lakes,Michigan,258.195,409.992,5.2
9,Nursing Home Care ($),State,3,Great Lakes,Ohio,434.125,610.164,4.7
9,Nursing Home Care ($),State,3,Great Lakes,Wisconsin,363.72,512.156,3.8
9,Nursing Home Care ($),Region,4,Plains,,379.215,538.19,4
9,Nursing Home Care ($),State,4,Plains,Iowa,412.44,624.849,4.8
9,Nursing Home Care ($),State,4,Plains,Kansas,341.34,495.229,4.2
9,Nursing Home Care ($),State,4,Plains,Minnesota,395.264,537.1,2.6
9,Nursing Home Care ($),State,4,Plains,Missouri,351.693,489.638,4.4
9,Nursing Home Care ($),State,4,Plains,Nebraska,398.255,562.16,5.3
9,Nursing Home Care ($),State,4,Plains,North Dakota,427.441,692.329,4.6
9,Nursing Home Care ($),State,4,Plains,South Dakota,400.72,555.383,4.9
9,Nursing Home Care ($),Region,5,Southeast,,266.889,413.001,5.6
9,Nursing Home Care ($),State,5,Southeast,Alabama,256.447,396.474,6.3
9,Nursing Home Care ($),State,5,Southeast,Arkansas,299.642,459.872,5.7
9,Nursing Home Care ($),State,5,Southeast,Florida,304.732,441.995,5.1
9,Nursing Home Care ($),State,5,Southeast,Georgia,198.142,272.299,4.3
9,Nursing Home Care ($),State,5,Southeast,Kentucky,298.443,470.667,5.6
9,Nursing Home Care ($),State,5,Southeast,Louisiana,217.672,379.044,4.8
9,Nursing Home Care ($),State,5,Southeast,Mississippi,234.581,439.292,6.9
9,Nursing Home Care ($),State,5,Southeast,North Carolina,275.519,450.317,6.2
9,Nursing Home Care ($),State,5,Southeast,South Carolina,221.476,392.755,7.2
9,Nursing Home Care ($),State,5,Southeast,Tennessee,296.109,438.521,5.8
9,Nursing Home Care ($),State,5,Southeast,Virginia,263.157,407.943,6.3
9,Nursing Home Care ($),State,5,Southeast,West Virginia,308.089,542.06,6.1
9,Nursing Home Care ($),Region,6,Southwest,,189.24,276.3,4.1
9,Nursing Home Care ($),State,6,Southwest,Arizona,171.313,225.373,3.4
9,Nursing Home Care ($),State,6,Southwest,New Mexico,154.489,238.731,4.4
9,Nursing Home Care ($),State,6,Southwest,Oklahoma,247.245,374.589,4.1
9,Nursing Home Care ($),State,6,Southwest,Texas,187.117,278.264,4.4
9,Nursing Home Care ($),Region,7,Rocky Mountains,,194.641,293.371,4.1
9,Nursing Home Care ($),State,7,Rocky Mountains,Colorado,210.882,325.032,4.3
9,Nursing Home Care ($),State,7,Rocky Mountains,Idaho,194.478,289.985,4.1
9,Nursing Home Care ($),State,7,Rocky Mountains,Montana,268.749,399.832,4.5
9,Nursing Home Care ($),State,7,Rocky Mountains,Utah,130.634,186.31,3.5
9,Nursing Home Care ($),State,7,Rocky Mountains,Wyoming,208.048,367.679,5.4
9,Nursing Home Care ($),Region,8,Far West,,198.011,312.077,5.1
9,Nursing Home Care ($),State,8,Far West,Alaska,114.063,172.358,5.2
9,Nursing Home Care ($),State,8,Far West,California,194.308,307.959,5.5
9,Nursing Home Care ($),State,8,Far West,Hawaii,167.539,375.074,6
9,Nursing Home Care ($),State,8,Far West,Nevada,116.396,185.84,4.2
9,Nursing Home Care ($),State,8,Far West,Oregon,227.585,361.635,4.6
9,Nursing Home Care ($),State,8,Far West,Washington,245.173,358.757,3.8
10,"Other Health, Residential, and Personal Care ($)",United States,0,United States,,229.307,399.87,7.4
10,"Other Health, Residential, and Personal Care ($)",Region,1,New England,,384.824,704.837,7.7
10,"Other Health, Residential, and Personal Care ($)",State,1,New England,Connecticut,390.169,764.584,7.6
10,"Other Health, Residential, and Personal Care ($)",State,1,New England,Maine,533.054,1084.062,10.8
10,"Other Health, Residential, and Personal Care ($)",State,1,New England,Massachusetts,359.384,668.706,7.2
10,"Other Health, Residential, and Personal Care ($)",State,1,New England,New Hampshire,244.524,415.419,7.8
10,"Other Health, Residential, and Personal Care ($)",State,1,New England,Rhode Island,498.297,825.384,8
10,"Other Health, Residential, and Personal Care ($)",State,1,New England,Vermont,399.829,357.823,4.7
10,"Other Health, Residential, and Personal Care ($)",Region,2,Mideast,,365.393,648.363,8.2
10,"Other Health, Residential, and Personal Care ($)",State,2,Mideast,Delaware,301.141,472.722,7.6
10,"Other Health, Residential, and Personal Care ($)",State,2,Mideast,District of Columbia,601.109,673.227,4.8
10,"Other Health, Residential, and Personal Care ($)",State,2,Mideast,Maryland,182.413,374.176,8.9
10,"Other Health, Residential, and Personal Care ($)",State,2,Mideast,New Jersey,212.101,421.543,7.5
10,"Other Health, Residential, and Personal Care ($)",State,2,Mideast,New York,492.562,882.867,8.6
10,"Other Health, Residential, and Personal Care ($)",State,2,Mideast,Pennsylvania,346.184,576.458,8.1
10,"Other Health, Residential, and Personal Care ($)",Region,3,Great Lakes,,208.122,341.473,6.5
10,"Other Health, Residential, and Personal Care ($)",State,3,Great Lakes,Illinois,223.924,347.663,6.8
10,"Other Health, Residential, and Personal Care ($)",State,3,Great Lakes,Indiana,181.154,354.807,6.8
10,"Other Health, Residential, and Personal Care ($)",State,3,Great Lakes,Michigan,159.621,221.648,4.2
10,"Other Health, Residential, and Personal Care ($)",State,3,Great Lakes,Ohio,226.742,424.36,8
10,"Other Health, Residential, and Personal Care ($)",State,3,Great Lakes,Wisconsin,252.591,354.158,5.7
10,"Other Health, Residential, and Personal Care ($)",Region,4,Plains,,275.249,472.774,7.7
10,"Other Health, Residential, and Personal Care ($)",State,4,Plains,Iowa,262.428,468.852,7.8
10,"Other Health, Residential, and Personal Care ($)",State,4,Plains,Kansas,287.656,401.601,8.1
10,"Other Health, Residential, and Personal Care ($)",State,4,Plains,Minnesota,357.995,683.554,7.4
10,"Other Health, Residential, and Personal Care ($)",State,4,Plains,Missouri,219.515,335.525,7.7
10,"Other Health, Residential, and Personal Care ($)",State,4,Plains,Nebraska,209.265,372.436,8.6
10,"Other Health, Residential, and Personal Care ($)",State,4,Plains,North Dakota,346.613,690.732,7.7
10,"Other Health, Residential, and Personal Care ($)",State,4,Plains,South Dakota,242.967,427.628,6.9
10,"Other Health, Residential, and Personal Care ($)",Region,5,Southeast,,186.099,332.191,7.9
10,"Other Health, Residential, and Personal Care ($)",State,5,Southeast,Alabama,168.724,308.299,7.3
10,"Other Health, Residential, and Personal Care ($)",State,5,Southeast,Arkansas,203.612,401.207,8.8
10,"Other Health, Residential, and Personal Care ($)",State,5,Southeast,Florida,169.799,257.62,6.9
10,"Other Health, Residential, and Personal Care ($)",State,5,Southeast,Georgia,159.865,243.135,6.3
10,"Other Health, Residential, and Personal Care ($)",State,5,Southeast,Kentucky,175.398,366.199,9.7
10,"Other Health, Residential, and Personal Care ($)",State,5,Southeast,Louisiana,242.836,434.385,6.3
10,"Other Health, Residential, and Personal Care ($)",State,5,Southeast,Mississippi,188.462,364.402,10.2
10,"Other Health, Residential, and Personal Care ($)",State,5,Southeast,North Carolina,210.38,436.551,9.1
10,"Other Health, Residential, and Personal Care ($)",State,5,Southeast,South Carolina,233.593,300.342,6
10,"Other Health, Residential, and Personal Care ($)",State,5,Southeast,Tennessee,178.762,349.023,9.4
10,"Other Health, Residential, and Personal Care ($)",State,5,Southeast,Virginia,149.864,354.644,9.3
10,"Other Health, Residential, and Personal Care ($)",State,5,Southeast,West Virginia,298.421,526.059,10
10,"Other Health, Residential, and Personal Care ($)",Region,6,Southwest,,179.446,280.58,6.5
10,"Other Health, Residential, and Personal Care ($)",State,6,Southwest,Arizona,121.642,210.242,5
10,"Other Health, Residential, and Personal Care ($)",State,6,Southwest,New Mexico,208.423,431.661,8.7
10,"Other Health, Residential, and Personal Care ($)",State,6,Southwest,Oklahoma,213.175,377.766,8
10,"Other Health, Residential, and Personal Care ($)",State,6,Southwest,Texas,185.624,272.583,6.3
10,"Other Health, Residential, and Personal Care ($)",Region,7,Rocky Mountains,,190.934,332.599,6.6
10,"Other Health, Residential, and Personal Care ($)",State,7,Rocky Mountains,Colorado,193.079,330.839,5.9
10,"Other Health, Residential, and Personal Care ($)",State,7,Rocky Mountains,Idaho,192.488,342.889,8.1
10,"Other Health, Residential, and Personal Care ($)",State,7,Rocky Mountains,Montana,217.632,414.391,7.9
10,"Other Health, Residential, and Personal Care ($)",State,7,Rocky Mountains,Utah,165.678,283.228,5.5
10,"Other Health, Residential, and Personal Care ($)",State,7,Rocky Mountains,Wyoming,233.978,425.461,10.9
10,"Other Health, Residential, and Personal Care ($)",Region,8,Far West,,155.453,309.605,7.7
10,"Other Health, Residential, and Personal Care ($)",State,8,Far West,Alaska,319.067,665.862,9.6
10,"Other Health, Residential, and Personal Care ($)",State,8,Far West,California,134.078,291.686,8.1
10,"Other Health, Residential, and Personal Care ($)",State,8,Far West,Hawaii,149.084,254.374,7.4
10,"Other Health, Residential, and Personal Care ($)",State,8,Far West,Nevada,114.311,159.692,5.4
10,"Other Health, Residential, and Personal Care ($)",State,8,Far West,Oregon,291.432,535.84,7.5
10,"Other Health, Residential, and Personal Care ($)",State,8,Far West,Washington,197.436,311.904,6.2
